,gvkey,datadate,fyear,fyr,at,lt,ceq,act,lct,invt,rect,ap,dlc,dltt,dltis,dvt,che,xint,xrd,xsga,oibdp,ebit,sale,cogs,ni,oancf,fincf,csho,prcc_f,freq,entity_pname,ratingdate,ratingsymbol,ratingactionword,unsol,ratingenddate,sector,dflt_date,days2dflt,dflt_flag
51,001045,2010-12-31,2010,12,25088.0,29033.0,-3945.0,6838.0,8780.0,594.0,738.0,1156.0,1883.0,9253.0,542.0,0.0,4946.0,823.0,,2729.0,1303.0,308.0,22170.0,18138.0,-471.0,1241.0,804.0,333.45,7.79,Annual,American Airlines Group Inc.,2008-07-25,B-,Downgrade,N,2011-11-17,Transportation,2011-11-29,333,1
197,001164,2001-12-31,2001,12,91901.0,34190.0,55617.0,8179.0,5915.0,0.0,4634.0,2751.0,172.0,24533.0,3526.0,0.0,1409.0,1527.0,,5145.0,8083.0,3962.0,21348.0,8120.0,1407.0,6389.0,3080.0,2960.671,14.08,Annual,MCI Inc.,2001-02-27,BBB+,Downgrade,N,2002-04-22,Services,2002-07-17,198,1
488,001382,2001-12-31,2001,12,1570.909,1048.566,522.343,361.398,690.526,51.833,109.012,253.318,119.141,222.955,423.422,0.0,156.865,38.849,,,-76.35,-276.233,2065.913,2142.263,-147.871,152.364,66.323,33.728,3.5,Annual,America West Airlines Inc.,2001-11-01,CCC-,Downgrade,N,2002-06-03,Transportation,2002-08-12,224,1
489,001382,2001-12-31,2001,12,1570.909,1048.566,522.343,361.398,690.526,51.833,109.012,253.318,119.141,222.955,423.422,0.0,156.865,38.849,,,-76.35,-276.233,2065.913,2142.263,-147.871,152.364,66.323,33.728,3.5,Annual,US Airways Group Inc.,2001-09-20,CCC+,Downgrade,N,2002-06-25,Transportation,2002-08-12,224,1
524,001388,2010-12-31,2010,12,22422.0,28758.0,-6336.0,6744.0,11214.0,542.0,719.0,1073.0,1575.0,6592.0,215.0,0.0,4937.0,667.0,,3376.0,1167.0,232.0,22150.0,17607.0,-469.0,1050.0,658.0,0.001,,Annual,American Airlines Inc.,2008-07-25,B-,Downgrade,N,2011-11-17,Transportation,2011-11-29,333,1
694,001470,1991-12-31,1991,12,1.835,2.267,-0.432,1.064,2.267,0.563,0.446,0.553,1.482,0.0,0.0,0.0,0.027,0.174,,1.665,-0.031,-0.097,4.213,2.579,-0.642,0.312,-0.326,6.113,0.125,Annual,American Guaranty Life Insurance Co.,1991-10-04,NR,Not Rated,N,1992-08-24,Manufacturing,1992-08-24,237,1
737,001594,2001-01-31,2000,1,1995.727,1599.145,396.582,870.197,766.752,744.132,17.039,345.915,19.018,771.422,187.251,0.0,49.761,87.961,0.0,1188.474,-152.17,-226.859,3968.555,2932.251,-240.588,-4.993,158.271,29.474,5.625,Annual,"Ames Department Stores, Inc.",2000-11-10,B,Downgrade,N,2001-03-23,Retail,2001-08-21,202,1
810,001627,1994-09-30,1994,9,658.639,584.405,49.756,214.129,208.313,63.375,125.462,82.79,45.222,366.625,39.0,2.158,19.871,65.633,6.646,92.539,110.519,79.577,592.599,389.541,14.955,52.684,-32.673,45.729,3.0,Annual,Anacomp Inc.,1991-02-25,B,New Rating,N,1995-04-27,Information Technology,1995-04-27,209,1
1691,002189,2000-12-31,2000,12,5467.0,4347.0,1106.3,1146.4,927.2,874.2,152.1,382.4,55.4,798.0,132.3,40.7,109.7,87.4,20.0,113.0,164.8,-95.5,4196.6,3918.8,-118.4,287.6,-181.0,129.773,1.75,Annual,Bethlehem Steel Corp.,2000-11-28,B+,Downgrade,N,2001-04-26,Manufacturing,2001-10-15,288,1
2994,002940,2002-09-30,2002,9,1004.08,1506.419,-570.672,283.73,1494.412,0.0,97.219,19.178,1039.658,9.696,105.0,5.197,170.753,97.631,0.0,,167.744,120.186,1753.058,1585.314,-729.063,66.66,38.964,35.139,0.26,Annual,Magellan Health Inc.,2002-08-19,B-,Downgrade,N,2002-10-08,Health,2003-03-12,163,1
3080,002982,2007-12-31,2007,12,1213.7,932.5,281.2,331.2,237.3,121.4,169.9,147.2,6.9,508.4,33.4,4.1,10.0,44.6,,142.4,90.2,36.8,1059.6,827.0,-15.5,24.1,22.9,19.9,5.19,Annual,Chesapeake Corp.,2006-01-06,BB-,Downgrade,N,2008-04-11,Manufacturing,2008-12-30,365,1
3456,003153,2000-12-31,2000,12,271.377,253.937,17.44,118.26,25.278,54.979,9.71,4.073,0.0,204.569,0.0,2.18,53.571,16.999,,19.126,-24.82,-45.605,93.174,98.868,-47.813,-23.806,-17.876,37.05,0.9375,Annual,Coeur Mining Inc.,2000-11-22,B-,Downgrade,N,2001-06-28,Manufacturing,2001-08-01,213,1
4454,003851,2004-12-31,2004,12,21801.0,27320.0,-5796.0,3606.0,5941.0,203.0,696.0,1560.0,893.0,13005.0,2123.0,19.0,2147.0,834.0,,1418.0,-230.0,-1474.0,15002.0,13814.0,-5198.0,-1123.0,636.0,139.83,7.48,Annual,Delta Air Lines Inc.,2004-09-16,CC,Downgrade,N,2005-09-15,Transportation,2005-09-15,258,1
4621,003946,2021-12-31,2021,12,3507.2,4344.2,-845.1,1887.3,1749.4,544.2,595.2,706.3,104.1,2352.7,12.1,0.0,423.2,195.3,126.3,814.9,404.2,255.1,3905.2,2686.1,-78.8,122.9,-3.6,78.352,9.05,Annual,Diebold Nixdorf Inc.,2018-08-30,B-,Downgrade,N,2022-05-11,Information Technology,2022-12-30,364,1
4724,004019,2001-12-31,2001,12,974.532,1215.396,-304.94,351.073,118.912,227.264,68.432,117.603,1.309,1071.954,0.0,4.514,46.276,174.279,,19.831,11.865,-55.37,769.977,738.281,-412.854,30.518,-24.082,42.481,0.56,Annual,Doman Industries Ltd.,2001-10-24,B-,Downgrade,N,2002-03-14,Manufacturing,2002-11-08,312,1
4806,004049,2007-12-31,2007,12,472.289,544.596,-72.307,160.939,122.296,73.213,61.695,83.856,0.438,393.733,0.0,0.0,4.254,41.049,6.983,32.604,47.888,18.778,881.568,801.076,-26.346,10.275,0.041,12.717,4.08,Annual,Constar International Inc.,2005-09-23,B-,Downgrade,N,2008-10-03,Manufacturing,2008-12-01,336,1
4890,004072,2019-07-31,2019,7,2699.8,2548.8,151.0,1155.0,798.2,547.7,131.1,336.0,0.0,1338.6,28.1,0.0,329.2,107.0,0.0,2878.3,183.0,-125.4,5493.4,2432.1,-661.4,21.1,0.3,198.5,0.4442,Annual,Ascena Retail Group Inc.,2019-06-19,CCC+,Downgrade,N,2019-11-20,Retail,2020-07-23,358,1
4958,004094,2008-12-31,2008,12,1586.0,2436.6,-856.2,695.8,908.5,0.0,473.2,63.0,0.5,904.3,1179.6,48.5,164.2,47.4,,686.0,559.6,501.1,1726.3,480.7,310.6,436.5,-242.5,53.3,77.2,Annual,Dex One Corp.,2008-05-08,B+,Downgrade,N,2009-02-12,Manufacturing,2009-05-15,135,1
5293,004412,2000-12-31,2000,12,322.364,429.761,-107.397,186.295,293.253,39.405,27.334,15.887,200.676,73.183,0.0,0.0,96.388,45.849,5.474,39.374,35.635,1.208,200.142,125.133,-17.836,16.274,-148.005,15.277,0.92,Annual,Viskase Cos. Inc.,1999-08-31,B,Downgrade,N,2001-06-01,Manufacturing,2001-12-04,338,1
6152,004864,2003-12-31,2003,12,2506.53,3378.97,-872.44,1174.376,1373.76,173.293,556.414,305.286,21.1,1011.972,0.0,0.0,377.485,95.791,6.2,199.949,163.238,132.024,3723.815,3360.628,-157.063,-62.098,-51.805,40.772,1.03,Annual,Foster Wheeler AG,2003-07-08,CCC-,Downgrade,N,2004-09-22,Manufacturing,2004-09-22,266,1
6444,005072,2007-12-31,2007,12,247710.0,232145.0,14513.0,,,21351.0,130644.0,19686.0,71335.0,121813.0,70230.0,192.0,26211.0,14776.0,,,17971.0,12860.0,30927.0,12956.0,-2332.0,1460.0,-17578.0,0.108,,Annual,Ally Financial Inc.,2006-11-27,BB+,Upgrade,N,2008-02-22,Financials,2008-12-31,366,1
8109,006062,1998-12-31,1998,12,,,,,,,,,,,,,,,,,,,,,,,,,1.4375,Annual,American Banknote Corp.,1995-06-16,B+,,N,1999-02-04,Manufacturing,1999-12-10,344,1
8498,006242,2007-12-31,2007,12,7387.0,5532.0,1758.0,1002.0,989.0,540.0,419.0,582.0,11.0,3348.0,675.0,12.0,7.0,295.0,3.0,633.0,743.0,383.0,7420.0,6044.0,-103.0,243.0,-313.0,256.202,10.56,Annual,Smurfit-Stone Container Corp.,2007-10-31,B+,Upgrade,N,2008-12-19,Manufacturing,2009-01-26,392,1
8499,006242,2007-12-31,2007,12,7387.0,5532.0,1758.0,1002.0,989.0,540.0,419.0,582.0,11.0,3348.0,675.0,12.0,7.0,295.0,3.0,633.0,743.0,383.0,7420.0,6044.0,-103.0,243.0,-313.0,256.202,10.56,Annual,Stone Container Corp.,2007-03-12,NR,Not Rated,N,2011-06-01,Manufacturing,2009-01-26,392,1
8968,006531,1999-12-31,1999,12,6101.0,4612.0,1486.0,1651.0,975.0,1021.0,538.0,416.0,29.0,1093.0,1418.0,14.0,72.0,30.0,13.0,189.0,152.0,-122.0,4120.0,3779.0,-212.0,18.0,882.0,99.6,4.125,Annual,LTV Corp.,1999-02-12,BB-,Downgrade,N,2000-11-28,Manufacturing,2000-12-29,364,1
9025,006557,1999-08-31,1999,8,5754.3,3841.2,1905.1,564.0,485.9,32.1,232.7,139.4,9.3,3113.3,1602.2,61.7,267.1,91.8,,243.8,442.0,233.6,2262.5,1576.7,-1118.7,44.2,428.1,330.21,6.25,Annual,Laidlaw International Inc.,1999-03-01,BBB,Downgrade,N,2000-02-15,Transportation,2000-05-16,259,1
9932,007152,2018-12-31,2018,12,9440.0,8387.0,800.0,3033.0,4217.0,805.0,1107.0,595.0,38.0,3459.0,3560.0,4.0,845.0,270.0,20.0,302.0,331.0,154.0,6705.0,6072.0,-2687.0,-71.0,3201.0,181.0,6.54,Annual,McDermott International Inc.,2014-11-26,B+,Downgrade,N,2019-03-06,Utilities,2019-12-03,337,1
10316,007422,2014-12-31,2014,12,2356.896,1846.892,510.004,330.766,365.371,,156.063,262.862,0.0,1446.535,600.0,40.895,70.275,108.273,,65.92,398.449,132.19,660.269,195.9,120.669,362.093,-144.683,273.774,2.17,Annual,EXCO Resources Inc.,2012-05-09,B,Downgrade,N,2015-04-30,Utilities,2015-11-03,307,1
10662,007672,2004-12-31,2004,12,14042.0,16866.0,-3087.0,3578.0,4497.0,125.0,460.0,566.0,749.0,8023.0,1512.0,29.0,2611.0,551.0,,2262.0,303.0,-225.0,11279.0,8714.0,-862.0,271.0,-252.0,87.106,10.93,Annual,Northwest Airlines Corp.,2004-07-28,B,Downgrade,N,2005-06-14,Transportation,2005-09-15,258,1
10902,007851,2004-12-31,2004,12,662.774,488.532,154.462,115.575,141.242,13.331,88.264,30.563,30.0,199.902,72.64,6.165,7.954,16.61,,,87.596,57.939,735.868,648.272,28.072,63.577,-11.012,8.436,,Annual,Entergy New Orleans LLC,1992-01-27,BBB,,N,2005-09-20,Utilities,2005-09-23,266,1
11519,008067,2001-09-30,2001,9,922.29,683.519,238.771,,,228.572,324.21,100.169,64.7,305.92,0.0,0.0,44.246,55.103,,385.283,-52.312,-84.212,1095.705,762.734,-176.049,47.468,-24.949,9.528,4.15,Annual,Oakwood Homes Corp.,2000-10-30,B-,Downgrade,N,2002-11-18,Manufacturing,2002-11-18,414,1
11579,008095,2002-12-31,2002,12,687.467,571.966,115.501,123.316,68.914,54.019,55.675,24.799,2.343,393.005,254.478,0.0,0.756,43.595,,37.672,68.253,34.588,400.572,294.647,-6.608,17.998,-1.837,4.978,6.65,Annual,Oglebay Norton Co.,2002-08-05,B,Downgrade,N,2003-05-07,Manufacturing,2003-09-02,245,1
11859,008210,2011-12-31,2011,12,4034.349,2479.104,1555.245,342.147,140.101,19.219,220.65,18.554,14.99,2050.902,168.393,46.875,54.877,86.665,,83.178,7.793,-144.248,1049.531,958.56,-192.916,-52.328,16.462,30.464,10.93,Annual,Overseas Shipholding Group Inc.,2011-01-11,B,Downgrade,N,2012-01-17,Utilities,2012-11-14,319,1
11962,008264,1999-12-31,1999,12,29715.0,22349.0,6886.0,3824.0,6331.0,,2018.0,708.0,2381.0,9004.0,0.0,485.0,468.0,779.0,,,2658.0,878.0,20820.0,18162.0,-48.0,2287.0,-2043.0,360.591,20.5,Annual,PG&E Corp.,1997-05-28,A,Upgrade,N,2001-01-04,Utilities,2001-01-22,388,1
12160,008387,2014-12-31,2014,12,722.138,737.912,-18.033,78.296,157.701,1.383,28.121,86.823,0.0,568.625,376.0,29.722,0.008,47.829,,36.826,-208.704,-347.528,208.553,380.431,-353.136,121.731,97.477,45.105,4.44,Annual,Goodrich Petroleum Corp.,2012-11-13,B-,Downgrade,N,2015-09-02,Utilities,2015-09-02,245,1
12186,008439,1998-01-31,1997,1,1563.586,1723.395,-159.809,460.97,318.313,327.389,68.454,149.389,17.947,1355.66,369.483,0.0,49.095,149.981,,618.243,162.941,73.975,3010.065,2228.881,-61.126,-4.53,-24.729,10.825,6.68699932,Annual,Penn Traffic Co. (The),1996-09-13,B,,N,1998-12-11,Retail,1999-01-27,361,1
14005,009612,1997-12-31,1997,12,1951.461,1614.956,336.505,1384.871,798.37,929.818,43.13,482.235,32.175,761.522,206.56,0.0,364.169,78.531,0.0,727.059,123.957,65.709,3662.778,2811.762,-91.6,-21.433,78.879,100.376,2.125,Annual,Service Merchandise Co.,1997-12-17,B+,,N,1998-12-15,Retail,1999-03-29,453,1
14033,009614,2000-12-31,2000,12,1163.947,838.424,136.88,60.929,160.783,7.805,20.624,25.088,79.843,674.038,32.326,0.0,23.239,102.347,0.0,283.836,66.123,1.329,580.897,230.938,-87.955,19.611,-140.617,28.29,3.3125,Annual,Lodgian Inc.,2000-05-17,B+,Downgrade,N,2001-05-21,Services,2001-12-21,355,1
14964,010221,2014-12-31,2014,12,2173.347,1378.969,794.378,64.669,148.919,3.1,48.451,48.978,0.0,1074.534,487.4,0.0,0.406,78.231,,39.629,-88.627,-361.929,547.79,596.788,-283.427,306.371,-67.941,43.918,4.05,Annual,"SilverBow Resources, Inc.",2014-11-14,B,Downgrade,N,2015-01-16,Utilities,2015-12-02,336,1
15397,010507,2011-12-31,2011,12,44077.0,51834.0,-7852.0,5303.0,5614.0,418.0,767.0,574.0,821.0,35360.0,1750.0,0.0,955.0,4325.0,,,1882.0,383.0,7040.0,5158.0,-1913.0,841.0,-1014.0,1679.539,,Annual,Energy Future Holdings Corp.,2011-04-04,CCC,Downgrade,N,2012-12-06,Utilities,2012-12-06,341,1
15415,010508,2010-12-31,2010,12,39144.0,45293.0,-6236.0,6230.0,6330.0,395.0,2912.0,879.0,1925.0,29858.0,353.0,0.0,80.0,3127.0,,,2199.0,819.0,8235.0,6036.0,-3530.0,1257.0,27.0,41.255,,Annual,Energy Future Competitive Holdings Co.,2010-12-21,CCC+,Downgrade,N,2011-04-04,Utilities,2011-04-20,110,1
15764,010726,2007-12-31,2007,12,,,,,,,,,,,,,,,,,,,,,,,,,33.98,Annual,Tribune Media Company,2007-12-20,B,Downgrade,N,2008-03-17,Services,2008-12-09,344,1
15857,010795,2001-12-31,2001,12,25197.0,22087.0,3033.0,5086.0,8066.0,329.0,1221.0,1268.0,1587.0,8663.0,2485.0,52.0,2628.0,531.0,,,-1317.0,-2343.0,16138.0,17455.0,-2145.0,-160.0,2138.0,54.984,13.5,Annual,United Airlines Holdings Inc.,2001-09-20,BB-,Downgrade,N,2002-01-22,Transportation,2002-12-05,339,1
15903,010816,2000-12-31,2000,12,3214.0,2750.0,464.0,876.0,896.0,271.0,305.0,200.0,147.0,564.0,197.0,0.0,70.0,52.0,21.0,309.0,708.0,612.0,3781.0,2764.0,-259.0,364.0,-114.0,43.401,22.5,Annual,USG Corp.,2000-10-24,BBB,Downgrade,N,2001-04-04,Manufacturing,2001-06-25,176,1
16088,010884,1999-12-31,1999,12,2596.127,1890.841,451.811,902.867,488.422,421.806,361.198,217.327,129.754,1227.001,284.327,30.258,97.863,112.033,,328.467,141.926,51.038,2555.799,2085.406,-58.382,-6.043,138.816,65.922,4.75,Annual,Chiquita Brands International Inc.,1995-03-09,BB-,,N,2000-03-24,Agriculture,2001-01-17,383,1
18374,012515,1997-12-31,1997,12,323.164,384.473,-126.309,170.346,74.566,34.659,52.934,21.454,0.0,260.604,0.0,7.849,57.411,22.024,,99.807,-21.27,-32.484,243.561,165.024,-49.68,-79.218,4.556,26.679,10.31199932,Annual,Golden Books Family Entertainment Inc.,1995-10-20,B,,N,1998-05-29,Manufacturing,1999-01-27,392,1
18460,012569,1997-12-31,1997,12,829.081,642.738,186.343,192.443,100.3,81.63,84.582,64.691,1.5,423.243,642.502,0.0,6.454,41.632,,39.208,4.353,-35.057,488.03,444.469,-77.205,-60.712,62.541,11.627,9.875,Annual,Acme Metals Inc.,1994-07-18,B,New Rating,N,1998-09-29,Manufacturing,1999-01-27,392,1
18523,012603,2001-12-31,2001,12,61392.3,56639.3,4253.4,,,0.0,21224.6,,0.0,25257.2,14183.4,12.8,3227.9,1728.7,,,2059.7,1211.7,7915.7,5856.0,-405.9,1324.7,2999.4,344.743,4.46,Annual,CNO Financial Group Inc.,2001-10-03,B+,Downgrade,N,2002-01-16,Financials,2002-10-04,277,1
18643,012669,1999-12-31,1999,12,807.494,603.297,203.647,30.594,105.946,4.24,8.413,55.967,4.008,466.327,2422.818,3.025,7.684,39.984,,7.316,87.996,46.85,486.925,391.613,-18.876,57.552,80.808,11.344,7.8125,Annual,Carmike Cinemas Inc.,1999-01-20,BB-,New Rating,N,2000-05-30,Services,2000-08-02,215,1
18906,012868,2014-10-31,2014,10,1256.664,1199.154,56.03,744.089,349.793,278.78,360.687,168.307,35.361,793.229,197.086,0.0,51.351,75.991,,750.997,11.844,-39.156,1570.399,807.558,-309.377,-26.935,13.621,171.172,1.75,Annual,Boardriders Inc.,2012-10-16,B-,Downgrade,N,2015-06-19,Manufacturing,2015-09-10,314,1
19459,013440,2003-12-31,2003,12,8293.0,8112.0,181.0,1946.0,1431.0,0.0,561.0,651.0,125.0,5250.0,848.0,0.0,1245.0,567.0,,1046.0,716.0,-111.0,4026.0,2264.0,-711.0,61.0,79.0,677.829,5.7,Annual,Level 3 Communications Inc.,2002-08-06,CCC,Downgrade,N,2004-11-03,Services,2004-12-03,338,1
19856,013710,2007-12-31,2007,12,2418.668,2133.576,285.092,62.748,122.708,26.884,16.516,18.566,17.45,1735.461,0.0,102.691,5.501,147.035,,135.202,340.092,209.469,986.973,511.679,-4.491,181.711,-127.894,54.248,21.13,Annual,Six Flags Entertainment Corp.,2007-11-09,CCC+,Downgrade,N,2008-06-16,Services,2008-06-16,168,1
20000,013962,2019-07-31,2019,7,1262.959,2401.897,-1131.233,241.379,908.357,80.454,107.596,33.364,736.756,1457.004,0.0,9.814,36.082,177.619,0.0,98.76,199.277,123.996,1684.392,1386.355,-64.247,15.075,0.995,97.153,0.8426,Annual,Ferrellgas Partners L.P.,2018-11-09,CCC,Downgrade,N,2019-10-16,Utilities,2020-06-16,321,1
20136,014022,2002-12-31,2002,12,3639.861,3517.92,-351.331,1477.208,2037.023,22.058,378.671,337.086,905.361,974.77,988.343,19.22,1047.98,121.747,,,174.304,86.111,1628.198,1453.894,-88.64,149.43,-751.389,32.352,5.47,Annual,Hollinger Inc.,2002-07-24,BB-,Downgrade,N,2003-04-14,Manufacturing,2003-05-21,141,1
20544,014310,1997-12-31,1997,12,169.826,166.152,-4.042,23.769,15.93,0.0,16.278,8.768,0.636,150.222,25.0,1.008,6.519,16.612,,10.483,25.086,2.288,109.644,74.075,-23.254,-4.72,21.998,16.361,2.93699932,Annual,"PhoneTel Technologies, Inc.",1996-12-10,B,,N,1998-04-03,Services,1999-01-27,392,1
21137,014503,2000-09-30,2000,9,1093.69,775.089,318.601,310.245,674.409,187.471,63.378,105.457,438.021,20.0,,0.0,11.145,57.156,,87.004,51.698,-0.281,1821.231,1682.529,-34.677,9.644,-61.749,32.379,1.125,Annual,Imperial Sugar Co.,2000-06-09,B,Downgrade,N,2000-12-15,Manufacturing,2001-01-16,108,1
21405,014628,2000-12-31,2000,12,1137.633,714.861,422.772,165.317,118.245,78.707,75.032,96.304,0.0,479.046,,0.0,0.0,50.88,5.304,26.464,52.295,-19.205,674.592,595.833,-45.758,26.142,-5.931,0.001,,Annual,Huntsman Polymers Corp.,2000-12-21,BB-,Downgrade,N,2001-05-21,Manufacturing,2001-12-04,338,1
21410,014633,1998-12-31,1998,12,308.878,463.082,-154.204,43.074,185.551,0.0,36.548,24.267,135.7,274.635,276.6,2.345,0.876,35.787,,11.327,-184.773,-244.661,129.452,302.898,-296.52,44.032,110.558,29.253,3.0,Annual,KCS Energy Inc.,1997-04-28,B+,Upgrade,N,1999-04-02,Utilities,1999-07-14,195,1
21631,014912,1999-12-31,1999,12,17657.306,14139.42,3133.096,1511.856,4134.957,172.855,1013.661,573.919,1367.288,5136.681,490.84,691.889,26.046,484.144,,,2843.142,1296.83,7522.0,4678.858,509.421,1533.603,-514.927,434.888,,Annual,Southern California Edison Co.,1992-11-24,A+,,N,2001-01-04,Utilities,2001-01-16,382,1
21712,014999,2002-12-31,2002,12,7416.0,9704.0,-2413.0,1771.0,2592.0,367.0,760.0,1713.0,373.0,4314.0,362.0,0.0,558.0,290.0,,,180.0,-192.0,9826.0,9646.0,-428.0,-95.0,-310.0,120.185,2.85,Annual,Air Canada,2001-09-25,B+,Downgrade,N,2003-02-07,Transportation,2003-04-01,91,1
21775,015060,2019-12-31,2019,12,7194.838,3971.53,3223.308,268.674,652.247,0.0,209.463,384.574,44.192,3224.004,2455.9,12.301,13.341,81.399,,44.631,488.363,247.021,671.572,138.578,67.928,476.316,-90.637,396.6,4.83,Annual,Callon Petroleum Co.,2016-09-13,B,New Rating,N,2020-01-10,Utilities,2020-12-02,337,1
22128,015289,2001-12-31,2001,12,25746.0,22317.0,-469.0,5376.0,8267.0,329.0,1779.0,1390.0,1749.0,8617.0,2485.0,150.0,2356.0,540.0,,,-1414.0,-2435.0,16087.0,17501.0,-2110.0,-226.0,2082.0,,,Annual,United Air Lines Inc.,2001-09-20,BB-,Downgrade,N,2002-01-22,Transportation,2002-12-05,339,1
22994,016026,2019-12-31,2019,12,5680.0,3156.3,1235.0,833.1,533.3,0.0,209.3,96.9,301.4,2576.8,0.0,1.8,560.0,263.9,,34.4,370.9,49.9,750.0,344.7,-92.9,-26.0,-225.9,9.182,0.86,Annual,Seadrill Partners LLC,2019-11-08,CCC,Downgrade,N,2020-07-17,Utilities,2020-07-17,199,1
23475,016878,2006-12-31,2006,12,12890.524,11776.567,1113.957,,,4949.747,6558.878,10019.016,1060.0,268.988,111.0,35.09,761.642,137.984,,,,-174.989,953.419,1128.408,-202.256,339.289,1415.567,79.074,16.21,Annual,Real Industry Inc.,2005-09-20,B+,Upgrade,N,2007-03-05,Manufacturing,2008-03-18,443,1
24106,018086,2019-12-31,2019,12,10338.9,8398.2,1940.7,1830.7,1426.9,312.1,577.5,139.8,652.8,4811.4,695.0,0.0,790.9,309.0,737.4,1143.0,1234.0,282.9,3162.5,785.5,-996.5,742.9,-280.1,84.106,3.49,Annual,Mallinckrodt PLC,2019-12-10,CCC,Upgrade,N,2020-08-06,Health,2020-10-13,287,1
24551,019417,2016-12-31,2016,12,3731.574,4109.147,-377.573,714.024,423.059,92.807,207.353,35.021,76.492,3469.285,350.0,7.652,397.917,299.741,99.107,178.978,437.391,252.633,816.159,199.79,-1315.694,408.29,-94.765,51.09,2.12,Annual,ADVANZ PHARMA Corp,2016-11-10,B-,Downgrade,N,2017-05-24,Health,2017-10-17,290,1
24754,020096,2022-03-31,2021,3,5615.05,1984.553,3589.956,1737.402,212.898,204.387,96.443,64.27,47.331,1592.82,0.0,0.0,1383.872,103.944,32.344,484.369,-516.026,-630.444,520.325,551.982,-302.181,-545.811,-45.533,394.423,9.48,Annual,Canopy Growth Corp.,2021-08-18,B-,New Rating,N,2022-06-17,Health,2022-11-15,229,1
24854,020259,2015-04-30,2014,4,2251.579,2070.282,-425.466,604.888,508.039,117.748,263.758,275.944,47.003,1215.655,325.0,23.529,134.297,155.7,,83.857,179.31,35.657,1707.699,1444.532,-805.151,-75.438,223.833,81.249,1.19,Annual,CHC Group Ltd.,2015-04-16,B,Downgrade,N,2016-03-16,Utilities,2016-04-19,355,1
25065,020653,2016-12-31,2016,12,4274.578,3806.13,468.448,181.126,433.496,0.0,168.836,108.886,83.366,2909.732,1856.5,0.0,1.606,145.574,,109.926,-513.937,-768.955,960.567,1364.578,-976.177,219.223,-15.012,398.428,3.68,Annual,Denbury Resources Inc.,2016-05-24,CCC+,Upgrade,N,2017-12-04,Utilities,2017-12-11,345,1
25103,020696,2007-12-31,2007,12,2660.052,2419.797,197.601,660.69,380.664,295.831,266.715,135.049,38.392,1852.646,0.0,0.0,41.754,178.219,,206.633,274.353,146.933,2174.431,1693.445,-302.891,104.26,-65.634,113.435,,Annual,Masonite International Inc.,2007-12-20,B,Downgrade,N,2008-07-11,Manufacturing,2008-10-17,291,1
25752,023130,2001-12-31,2001,12,45.925,103.524,-119.64,24.43,100.624,1.958,17.838,12.471,71.276,0.719,44.959,4.82,2.488,6.725,,9.34,17.014,-18.721,93.451,67.097,-67.397,2.032,0.707,14.547,,Annual,Grant Geophysical Inc.,1999-08-03,CCC+,Downgrade,N,2002-05-09,Utilities,2002-08-21,233,1
26407,024361,2001-12-31,2001,12,16834.2,20602.9,-6542.4,1553.1,20063.7,0.0,683.3,430.0,17666.1,102.3,3110.7,325.7,504.6,1508.6,,1248.4,620.8,-2549.7,3699.2,1830.0,-14241.3,-597.8,2633.9,276.6,0.94,Annual,PTV Inc.,2001-12-12,B-,Downgrade,N,2002-03-28,Services,2002-04-03,93,1
26748,024544,2010-12-31,2010,12,649.004,623.627,13.814,,,544.176,18.499,6.904,22.383,497.348,7.087,0.0,71.927,62.753,,44.875,-118.374,-118.759,294.698,368.197,-136.786,24.119,-74.345,0.001,,Annual,William Lyon Homes,2009-11-23,CCC,Upgrade,N,2011-06-06,Construction,2011-10-11,284,1
26782,024608,1999-09-30,1999,9,784.49,658.354,84.209,309.619,290.905,31.186,45.981,71.397,158.11,361.668,167.0,0.0,226.403,31.91,92.211,121.365,45.87,-144.63,716.46,549.225,-155.715,76.25,142.673,49.675,4.40625,Annual,Read-Rite Corp.,1999-08-05,B,Downgrade,N,2000-01-31,Information Technology,2000-01-31,123,1
26884,024675,2000-12-31,2000,12,609.681,521.729,87.952,34.831,141.333,9.418,7.621,31.568,15.034,364.372,,0.0,0.402,39.186,0.0,38.222,53.459,28.594,685.795,594.114,-65.734,27.979,-21.69,28.207,0.5625,Annual,Avado Brands Inc.,2000-11-02,CCC+,Downgrade,N,2001-06-04,Retail,2001-12-03,337,1
27009,024844,2000-12-31,2000,12,2309.609,2373.368,-63.762,211.443,497.646,2.163,134.396,55.282,177.341,1679.219,174.96,6.552,55.007,167.621,,371.109,-27.912,-239.712,851.082,507.885,-309.78,32.325,111.996,163.529,0.625,Annual,Arch Wireless Inc.,2000-11-14,B-,Downgrade,N,2001-04-10,Services,2001-07-17,198,1
27254,025053,1999-12-31,1999,12,2020.621,2345.162,-843.864,305.626,373.387,,168.731,247.613,8.886,1969.249,80.0,0.0,125.507,221.42,,239.756,0.543,-173.696,479.226,238.927,-234.162,21.083,67.018,47.761,18.75,Annual,ICG Communications Inc.,1999-07-28,B-,New Rating,N,2000-09-18,Services,2000-11-15,320,1
27412,025160,2014-12-31,2014,12,8018.059,6536.675,1098.256,3177.845,2572.639,1023.96,676.767,514.642,610.722,3221.833,2463.074,0.0,503.848,349.639,,207.843,381.491,308.887,2492.013,1902.679,-204.986,170.986,322.845,153.796,4.92,Annual,Empresas ICA S.A.B. de C.V.,2013-05-21,B+,Downgrade,N,2015-03-19,Manufacturing,2015-12-18,352,1
27498,025282,2000-12-31,2000,12,2127.577,2087.019,39.442,,,386.469,1138.238,1632.704,114.044,254.716,,0.0,378.181,32.434,,,-110.1,-116.809,274.982,385.082,-163.326,-32.25,7.608,32.096,0.46875,Annual,Imperial Credit Industries Inc.,2000-08-30,CCC+,Downgrade,N,2001-02-09,Financials,2001-07-02,183,1
27622,025338,2022-02-28,2021,2,5130.572,4956.427,174.145,2363.154,2074.787,1725.41,26.5,872.445,349.0,2723.225,0.0,0.0,439.496,64.702,0.0,2429.497,191.149,-102.477,7867.778,5247.132,-559.623,17.854,-606.018,81.979,16.89,Annual,Bed Bath & Beyond Inc.,2020-03-27,B+,Downgrade,N,2022-07-01,Retail,2023-01-27,333,1
27665,025365,2002-12-31,2002,12,2727.192,1821.86,139.85,401.316,503.43,25.995,294.857,189.574,224.885,1206.828,763.506,0.0,65.617,163.43,,,291.311,183.901,1008.616,717.305,-42.609,97.706,180.552,56.963,5.15,Annual,"Grupo TMM, S. A. B.",2000-08-11,B+,Downgrade,N,2003-01-10,Utilities,2003-05-16,136,1
27997,025767,1998-01-31,1997,1,595.166,881.116,-285.95,292.838,246.687,238.629,10.013,124.361,85.246,27.073,0.0,0.0,27.709,16.584,0.0,382.91,25.598,-10.646,1356.595,948.087,-22.557,-9.124,37.25,11.157,0.13999999,Annual,Bradlees Inc.,1995-06-23,NR,Not Rated,N,1999-01-27,Retail,1999-01-27,361,1
28551,027786,2018-12-31,2018,12,10947.0,10480.0,-1327.0,1598.0,2828.0,,1247.0,1450.0,381.0,7341.0,12933.0,92.0,4.0,649.0,,290.0,2722.0,1577.0,10231.0,7219.0,873.0,2000.0,-2186.0,910.469,2.1,Annual,Expand Energy Corp,2018-03-05,B,Upgrade,N,2019-02-11,Utilities,2019-09-13,256,1
28715,027957,1999-12-31,1999,12,1683.389,1402.102,207.389,721.425,316.693,423.052,286.422,119.848,85.759,965.323,383.028,14.849,4.854,92.879,,131.256,126.82,66.746,1552.068,1293.992,-19.532,9.534,73.345,14.262,6.1875,Annual,Pillowtex Corp.,1999-11-23,CCC,Downgrade,N,2000-11-08,Manufacturing,2000-11-14,319,1
28838,028119,2007-12-31,2007,12,28814.319,26884.779,1456.696,,,0.0,561.457,508.763,2643.19,21653.339,4456.863,450.854,99.534,1170.842,0.0,,,1334.128,3428.843,2094.715,287.954,707.416,1075.911,243.898,41.18,Annual,Brookfield Properties Retail Holding LLC,1998-06-02,BBB-,New Rating,N,2008-03-18,Financials,2009-03-17,442,1
29004,028248,2003-12-31,2003,12,869.987,941.087,-104.007,348.399,334.492,47.604,118.745,25.327,51.645,499.381,5.729,4.642,160.644,59.124,,246.906,102.402,45.673,1518.533,1169.225,20.434,93.779,-34.601,11.792,9.65,Annual,ATA Holdings Corp.,2003-07-30,CCC,Downgrade,N,2004-10-19,Transportation,2004-10-27,301,1
29083,028286,2015-12-31,2015,12,2914.1,1450.4,1463.7,470.3,298.4,40.4,278.3,52.6,24.8,1099.9,35.8,20.3,100.6,58.2,20.3,64.4,466.7,-1.8,961.9,430.8,-527.9,487.9,-34.1,238.184,4.107,Annual,TGS NewCo AS,2015-11-16,B,Downgrade,N,2016-02-26,Utilities,2016-12-23,358,1
29523,028603,1999-12-31,1999,12,1025.547,1018.415,-152.134,58.135,95.044,0.0,52.015,28.144,0.643,776.984,81.0,16.462,2.787,85.115,,267.642,156.513,-150.831,610.187,186.032,-172.484,64.534,18.045,41.902,1.6875,Annual,"Metrocall, Inc.",1998-12-14,B,Upgrade,N,2000-11-07,Services,2001-03-16,441,1
29600,028637,2000-12-31,2000,12,13003.773,11165.306,-786.718,3080.2,1553.765,131.853,601.677,578.399,245.131,9544.926,5940.469,51.592,2235.524,928.783,,700.081,-325.281,-1140.803,1251.034,876.234,-1220.89,-504.912,4427.924,97.438,13.625,Annual,UnitedGlobalCom LLC,1995-11-14,B+,,N,2001-10-05,Services,2002-01-25,390,1
29851,028893,1995-12-31,1995,12,401.249,406.808,-105.12,150.822,154.054,38.684,54.07,38.663,48.952,152.048,16.359,8.562,29.373,27.395,13.408,71.368,-9.397,-23.924,327.589,265.618,-250.148,-29.37,-3.481,36.534,1.625,Annual,Kenetech Corp.,1995-12-04,CCC,Downgrade,N,1996-05-30,Manufacturing,1996-06-17,169,1
30499,029309,1998-12-31,1998,12,131.776,157.004,-25.228,18.403,42.088,0.309,5.561,3.535,3.951,85.17,0.0,0.0,9.798,10.519,0.0,31.264,-9.138,-11.692,178.204,156.078,-9.415,-16.735,-0.234,5.063,,Annual,Claridge Hotel & Casino Corp. (The),1998-08-03,CCC,Upgrade,N,1999-07-27,Services,1999-08-17,229,1
30522,029336,1999-12-31,1999,12,534.3,624.3,-95.8,41.3,576.5,,6.6,78.5,442.0,4.6,144.0,0.0,16.0,41.2,,22.4,54.7,3.9,630.8,553.7,-92.3,22.4,29.2,,,Annual,United Artists Theatre Circuit Inc.,1999-08-13,B-,Downgrade,N,2000-01-26,Services,2000-04-17,108,1
30786,029690,1998-12-31,1998,12,213.952,198.153,15.799,64.349,43.131,1.389,37.388,7.206,23.513,144.419,3.8,0.0,2.029,15.316,,,27.499,7.983,291.631,264.132,-7.445,15.599,-27.514,5.702,1.0,Annual,Trism Inc.,1997-10-06,B+,Downgrade,N,1999-03-25,Transportation,1999-07-16,197,1
31123,030023,2001-12-31,2001,12,1100.51,1053.224,37.968,620.172,812.908,89.685,495.896,532.235,140.0,235.0,0.0,43.163,2.941,35.363,,49.103,83.6,47.522,8608.972,8476.269,-15.233,-54.607,139.337,27.476,15.05,Annual,EOTT Energy Partners L.P.,1999-09-10,BB,New Rating,N,2002-04-03,Utilities,2002-10-01,274,1
31262,030198,2000-12-31,2000,12,317.945,906.488,-658.357,194.421,111.06,112.451,67.011,43.268,19.737,734.184,34.216,8.384,10.362,84.672,,102.578,94.302,52.084,510.146,313.266,-106.648,-4.877,18.466,3.59,3.563,Annual,Victor Technologies Group Inc.,1998-05-15,B,Upgrade,N,2001-05-15,Manufacturing,2001-06-04,155,1
31680,030531,1998-12-31,1998,12,261.178,232.275,27.86,67.875,45.193,13.74,21.097,29.673,0.693,187.082,0.0,0.0,30.779,32.488,,8.227,24.548,18.007,137.786,105.011,-74.657,1.162,-3.165,25.75,0.40625,Annual,Tri Polyta Indonesia Tbk (P.T.),1998-01-29,CC,Downgrade,N,1999-06-03,Manufacturing,1999-06-03,154,1
31737,030559,2006-12-31,2006,12,1153.277,1389.708,-236.431,239.311,268.117,140.614,0.0,86.38,4.58,1087.875,8.163,0.0,32.953,120.41,,170.953,447.847,116.792,2541.933,1923.133,-25.72,-9.779,-77.765,31.84,3.52,Annual,Movie Gallery Inc.,2006-02-28,CCC+,Downgrade,N,2007-02-21,Services,2007-09-20,263,1
31763,030582,2014-12-31,2014,12,139722.986,127058.08,11730.709,,,588.109,82418.701,99352.841,6113.425,7249.709,7028.261,0.0,11085.726,,,1407.346,-56.874,-306.154,6913.302,5562.83,79.867,-5498.694,4834.35,3533.149,1.79,Annual,National Bank of Greece S.A.,2014-05-14,CCC+,Upgrade,N,2015-06-12,Financials,2015-12-11,345,1
31944,030838,2000-12-31,2000,12,2115.602,1025.292,1090.31,96.859,278.534,1.129,75.768,49.484,200.158,746.758,320.441,95.275,19.962,105.083,,,373.416,300.73,480.402,106.986,126.461,170.514,-146.706,158.899,6.9375,Annual,Transportadora de Gas del Sur S.A. (TGS),1996-04-22,BBB-,New Rating,N,2001-01-11,Utilities,2002-03-25,449,1
32057,030950,2007-12-31,2007,12,731.701,951.128,-219.427,487.785,67.921,0.0,29.316,4.071,3.5,824.258,0.0,0.0,62.942,69.2,,67.484,32.322,20.022,155.668,55.862,-72.712,-35.927,-3.526,22.872,1.05,Annual,Young Broadcasting Inc.,2006-01-19,CCC+,Downgrade,N,2008-09-05,Services,2009-01-20,386,1
32104,031010,2000-12-31,2000,12,1048.426,448.397,600.029,145.117,251.754,4.387,133.879,59.718,142.146,194.435,252.806,45.533,6.851,34.459,,,134.944,108.195,718.45,583.506,48.043,85.602,-53.821,56.917,8.0625,Annual,Metrogas S.A.,1998-05-20,BBB-,New Rating,N,2001-01-11,Utilities,2002-03-25,449,1
32120,031038,1997-12-31,1997,12,398.557,575.382,-176.825,,,93.29,44.505,63.428,77.479,429.62,339.759,4.547,153.277,65.989,,,-64.531,-65.893,34.032,98.563,-414.352,-301.931,273.9,47.579,0.5,Annual,Cityscape Financial Corp.,1997-10-31,CCC,,N,1998-05-01,Financials,1999-01-27,392,1
32129,031041,2001-12-31,2001,12,9208.628,8552.739,655.889,526.457,920.572,97.438,331.581,158.519,0.0,7467.831,2069.469,0.0,49.446,686.43,,722.787,431.927,-516.276,1823.692,668.978,-2531.936,1.454,730.059,295.4,9.39,Annual,Telewest Communications PLC,1997-04-03,BB-,Downgrade,N,2002-04-19,Services,2002-10-03,276,1
32317,031479,2003-12-31,2003,12,175.899,201.676,-25.777,80.905,53.756,44.995,13.56,4.544,10.232,99.773,0.0,0.0,3.926,9.206,3.1,53.211,11.78,0.631,220.706,155.715,-6.762,-19.955,8.475,8.26,0.68,Annual,Congoleum Corp.,2003-01-15,CCC,Downgrade,N,2004-04-05,Manufacturing,2004-04-05,96,1
32447,031634,2008-12-31,2008,12,204.96,263.753,-58.793,22.384,263.595,0.718,2.457,7.751,227.689,0.158,2.5,0.0,16.233,17.429,0.0,40.68,26.114,11.231,169.76,102.966,-11.862,4.298,2.433,12.494,3.0,Annual,Riviera Holdings Corp.,2008-11-11,CCC+,Downgrade,N,2009-03-31,Services,2009-03-31,90,1
32777,034051,2019-12-31,2019,12,2275.0,4408.0,-2133.0,1199.0,1392.0,220.0,707.0,1009.0,12.0,1437.0,745.0,0.0,187.0,68.0,129.0,249.0,537.0,464.0,3248.0,2462.0,313.0,242.0,-163.0,74.826,9.99,Annual,Garrett Motion Inc.,2018-11-12,BB-,New Rating,N,2020-09-04,Manufacturing,2020-09-24,268,1
33169,060892,2011-12-31,2011,12,8323.0,6659.0,1662.0,1941.0,548.0,274.0,111.0,287.0,57.0,4855.0,481.0,0.0,1444.0,350.0,,180.0,315.0,5.0,2180.0,1685.0,-1078.0,626.0,277.0,,,Annual,Edison Mission Energy,2010-04-12,B-,Downgrade,N,2012-02-29,Utilities,2012-11-16,321,1
34211,062465,2008-12-31,2008,12,136.982,156.998,-35.346,35.576,135.054,9.371,16.87,17.897,89.081,16.5,25.392,0.0,4.492,10.072,0.0,70.741,26.426,6.756,275.668,178.501,-98.254,15.823,-16.651,50.406,0.17,Annual,TLC Vision Corp.,2008-11-07,CCC,Downgrade,N,2009-08-18,Health,2009-08-25,237,1
34295,062640,2001-12-31,2001,12,4389.929,3020.38,568.968,569.693,581.549,98.179,217.898,144.841,136.616,2226.525,115.0,80.743,159.949,206.931,32.0,203.41,187.572,-5.228,1069.575,678.593,-196.46,169.304,-155.905,336.615,2.99,Annual,Loral Space & Communications Ltd.,2001-08-09,B,Downgrade,N,2002-09-19,Services,2002-10-31,304,1
34320,062655,2018-12-31,2018,12,2118.492,1803.76,302.96,912.28,700.835,255.484,593.483,434.827,1.174,905.17,2771.8,25.143,24.176,56.443,4.4,1662.002,126.276,-27.18,7755.283,5967.005,-326.9,152.962,-36.074,91.439,3.81,Annual,Dean Foods Co.,2018-11-21,B+,Downgrade,N,2019-02-01,Manufacturing,2019-11-12,316,1
34601,063192,1998-12-31,1998,12,517.837,495.807,22.03,177.18,103.872,112.169,62.36,49.598,1.236,373.675,0.0,0.0,1.371,44.97,,58.357,20.048,0.279,662.031,583.626,-78.647,42.269,-32.595,27.724,1.5625,Annual,American Pad & Paper Co.,1998-07-14,B,Downgrade,N,1999-11-18,Manufacturing,1999-12-20,354,1
34650,063398,1998-12-31,1998,12,133.314,155.081,-21.767,69.718,11.491,4.93,4.736,3.315,0.0,140.0,0.0,0.0,57.492,19.654,,31.637,-5.846,-27.497,45.408,19.617,-40.22,-6.332,-0.2,10.825,0.375,Annual,TV Filme Inc.,1998-12-24,CC,Downgrade,N,1999-06-18,Services,1999-06-18,169,1
34736,063465,1999-12-31,1999,12,2917.864,3386.515,-1218.576,441.337,539.187,,243.655,162.153,12.832,2843.68,115.522,0.0,181.237,306.744,,346.218,0.785,-250.824,692.023,345.02,-338.14,30.445,96.776,47.761,,Annual,ICG Holdings (Canada) Co.,1999-07-28,B-,New Rating,N,2000-09-18,Services,2000-11-15,320,1
34773,063483,2005-12-31,2005,12,2075.209,1730.638,339.707,632.806,449.655,132.148,309.056,265.56,3.473,1139.952,170.785,0.0,101.889,103.008,,155.901,172.695,93.183,2344.139,2015.543,1.814,-12.992,-4.326,18.591,2.24,Annual,Dura Automotive Systems Inc.,2005-03-18,B,Downgrade,N,2006-02-09,Manufacturing,2006-10-16,289,1
34881,063605,2004-12-31,2004,12,27216.088,22234.97,4587.673,3563.565,3285.392,179.395,1097.157,1014.35,1033.956,16940.809,5952.029,0.0,1376.732,1516.902,42.805,282.152,647.141,72.941,9229.888,8300.595,-242.461,9.895,167.052,536.509,3.94,Annual,Calpine Corp.,2003-06-02,B,Downgrade,N,2005-05-09,Utilities,2005-12-21,355,1
35267,063922,2001-12-31,2001,12,1425.806,1098.432,-945.134,77.554,433.911,0.0,54.852,50.363,279.437,413.055,315.019,0.0,12.474,131.323,,106.144,121.421,-104.727,493.073,265.508,-349.473,33.302,46.484,15.994,3.51,Annual,Net Servicos de Comunicacao S.A.,1999-04-19,BB-,Downgrade,N,2002-02-08,Services,2002-12-03,337,1
35286,063939,1998-12-31,1998,12,569.437,507.442,61.995,,,0.0,206.971,25.484,0.0,148.744,7.855,0.0,38.334,8.574,,,-4.772,-7.881,361.84,366.612,-14.417,15.328,3.846,10.385,7.25,Annual,Symons International Group Inc.,1997-07-30,BBB,New Rating,N,1999-10-28,Financials,2000-02-01,397,1
35528,064355,1998-12-31,1998,12,428.294,136.106,292.188,17.324,9.027,0.0,16.995,0.0,6.726,127.079,0.0,40.356,0.315,10.108,,,44.198,26.606,45.039,0.841,17.386,47.18,-47.082,17.1,20.8125,Annual,Golden Ocean Group Ltd.,1997-07-29,B,,N,1999-04-16,Transportation,1999-09-20,263,1
36016,065092,1999-12-31,1999,12,21470.0,15562.0,5477.0,1758.0,3361.0,294.0,1210.0,577.0,1204.0,7208.0,0.0,440.0,101.0,600.0,,,3557.0,1993.0,9228.0,5671.0,788.0,2200.0,-2256.0,313.687,,Annual,Pacific Gas & Electric Co.,1997-05-28,A+,Upgrade,N,2001-01-04,Utilities,2001-01-22,388,1
36074,065135,1999-12-31,1999,12,1000.892,752.771,248.121,448.299,364.48,189.03,181.694,115.918,13.645,299.075,49.792,0.0,15.124,9.172,,42.475,-25.617,-38.744,479.698,462.84,-30.826,-61.061,39.558,39.973,6.9375,Annual,Friede Goldman Halter Inc.,1999-03-12,BB-,Downgrade,N,2000-01-20,Utilities,2001-03-19,444,1
36216,065350,2002-12-31,2002,12,3342.0,3591.0,-249.0,1407.0,1206.0,262.0,367.0,234.0,358.0,839.0,182.0,4.0,17.0,85.0,39.0,317.0,194.0,60.0,2241.0,1730.0,-151.0,151.0,-170.0,104.741,3.63,Annual,Solutia Inc.,2002-06-18,BB,Downgrade,N,2003-04-25,Manufacturing,2003-12-17,351,1
36284,065489,2000-12-31,2000,12,9085.375,5149.958,1838.401,2131.223,707.823,0.0,181.309,357.451,24.82,4396.596,375.0,146.356,1878.378,465.122,,605.577,-751.706,-975.486,723.826,869.955,-1101.299,-559.414,1648.663,367.425,17.8125,Annual,XO Communications Inc.,1997-09-03,B,New Rating,N,2001-07-31,Services,2001-12-10,344,1
36307,065562,2001-12-31,2001,12,1395.259,2121.984,-726.725,325.492,161.417,19.897,86.462,29.993,16.523,1887.048,270.813,0.0,178.529,224.237,,233.887,-9.803,-187.793,560.837,336.753,-498.485,-122.254,437.77,240.173,3.85,Annual,Microcell Telecommunications Inc.,1997-10-02,B,New Rating,N,2002-08-30,Services,2002-12-04,338,1
36516,065711,1999-12-31,1999,12,1826.902,1336.966,489.936,167.293,144.78,53.499,63.175,35.296,34.25,1186.982,81.0,0.0,35.743,130.942,0.342,79.431,102.683,-28.162,732.752,550.638,-162.234,32.68,20.872,83.598,3.125,Annual,AMF Bowling Inc.,1999-08-06,B,Upgrade,N,2000-08-04,Services,2000-09-18,262,1
36647,065962,2001-12-31,2001,12,4746.454,5125.886,-379.432,622.088,408.038,0.0,70.64,63.291,1.93,4672.738,781.959,0.0,537.294,402.014,,,152.965,-312.635,1544.721,1391.756,-733.101,-17.297,869.582,100.006,48.17,Annual,Allstream Inc.,1999-07-23,BBB,Upgrade,N,2002-02-22,Services,2002-09-16,259,1
36679,066029,2014-12-31,2014,12,1669.829,1137.974,115.542,120.196,168.445,2.268,40.207,136.042,10.77,937.963,629.392,106.399,57.044,83.563,,77.682,-196.432,-460.245,391.469,510.219,-143.474,-18.665,348.195,200.506,3.14,Annual,Magnum Hunter Resources Corp.,2012-05-07,B-,New Rating,N,2015-01-16,Utilities,2015-12-15,349,1
37623,102983,2016-12-31,2016,12,4861.5,3704.7,1120.7,1476.5,3386.9,266.3,589.7,157.4,2783.7,66.7,458.1,0.0,542.8,176.9,13.6,160.1,495.4,-215.0,1195.5,540.0,-573.4,355.1,176.0,22.133,14.1425,Annual,Viridien,2015-11-16,CCC+,Downgrade,N,2017-01-10,Utilities,2017-05-18,138,1
37794,105370,2000-12-31,2000,12,286.566,274.662,-38.54,33.325,257.427,5.113,3.131,19.183,225.698,0.6,5.975,6.766,21.174,21.064,0.0,,17.134,-0.703,397.651,380.517,-18.952,18.958,4.949,0.903,,Annual,AmeriKing Inc.,2000-11-02,B-,Downgrade,N,2001-01-30,Retail,2001-11-27,331,1
38061,108391,2017-12-31,2017,12,1340.923,566.901,774.022,81.291,100.489,0.0,45.672,73.307,1.17,402.622,32.923,0.0,0.0,37.953,,29.909,123.576,1.637,302.0,148.515,-91.363,55.21,25.417,49.378,2.15,Annual,Bellatrix Exploration Ltd.,2015-10-16,B,Downgrade,N,2018-05-04,Utilities,2018-09-13,256,1
38144,110288,2002-12-31,2002,12,782.229,536.844,245.385,59.471,148.893,3.938,25.145,26.779,81.981,385.583,77.567,0.0,21.981,67.814,,96.623,69.002,2.807,258.04,92.415,-76.553,13.608,37.815,64.603,3.02,Annual,Tricom S.A.,2002-05-31,B,Downgrade,N,2003-06-20,Services,2003-09-02,245,1
38182,110621,2000-02-29,1999,2,1907.389,1288.587,618.802,60.228,213.851,5.148,17.288,96.783,4.149,898.246,151.025,0.0,31.735,76.051,,53.031,142.935,29.888,928.923,732.957,-51.39,57.097,144.967,58.623,4.125,Annual,Loews Cineplex Entertainment Corp.,1998-07-24,BB-,,N,2000-08-28,Services,2001-02-02,339,1
38266,111631,2008-12-31,2008,12,11880.709,12374.084,-493.375,1515.531,1587.032,0.0,1027.027,216.093,113.566,9508.69,1415.302,0.0,131.199,815.7,,122.769,1346.121,862.853,2616.811,1147.921,-2298.327,548.694,-397.247,68.807,0.37,Annual,Dex One Corp.,2008-05-08,B+,Downgrade,N,2009-02-12,Services,2009-05-15,135,1
38374,112030,2016-12-31,2016,12,2412.691,2904.429,-491.738,439.927,100.791,0.0,236.57,17.289,0.0,2384.157,0.0,0.0,139.284,138.634,,511.231,202.865,115.598,1141.4,427.304,-510.72,35.745,-19.997,29.307,1.02,Annual,Cumulus Media Inc.,2016-12-07,CC,Downgrade,N,2017-03-14,Services,2017-12-01,335,1
38565,113274,2000-12-31,2000,12,1719.996,1279.025,440.969,,,33.438,129.389,84.069,0.0,1117.026,441.74,0.0,67.813,101.427,,130.189,175.25,73.296,669.048,363.609,-73.69,56.106,156.718,56.586,1.5625,Annual,NationsRent Cos. Inc.,1998-12-04,BB-,New Rating,N,2001-03-30,Manufacturing,2001-12-04,338,1
38866,116104,2003-01-31,2002,1,348.878,476.503,-391.663,157.377,119.362,107.318,6.278,54.921,0.0,292.0,0.0,33.578,18.895,39.183,0.0,291.518,30.615,-3.836,766.382,444.249,-40.59,25.284,-2.172,12.87,,Annual,J. Crew Group Inc.,2002-06-03,B-,Downgrade,N,2003-04-14,Retail,2003-05-08,97,1
39032,117722,1998-12-31,1998,12,194.704,170.946,23.758,88.695,33.895,37.367,42.217,17.416,10.46,127.471,6.348,0.406,0.75,13.944,0.377,40.283,20.187,10.299,255.73,195.26,-2.569,3.862,1.779,0.01,,Annual,"ThermaClime, L.L.C.",1997-11-19,B+,New Rating,N,1999-11-23,Manufacturing,1999-12-02,336,1
39158,117902,2022-12-31,2022,12,3284.893,2764.274,520.619,437.051,207.854,0.0,261.357,14.002,40.815,2077.016,105.0,0.184,103.344,107.561,,95.127,128.634,62.848,1253.664,1029.903,-140.671,0.542,70.635,145.205,0.2251,Annual,Audacy Inc.,2022-08-23,CCC+,Downgrade,N,2023-05-17,Services,2023-11-08,312,1
39207,118284,2000-12-31,2000,12,11080.066,8879.048,113.707,1990.807,1251.232,119.992,300.086,543.622,65.427,7583.879,5831.847,0.0,1493.303,707.133,,534.291,-265.87,-940.556,939.575,671.154,-1867.062,-498.943,4512.099,435.604,10.5,Annual,Liberty Global Europe Inc.,1997-12-05,B+,New Rating,N,2001-10-05,Services,2002-02-01,397,1
39506,121315,2000-12-31,2000,12,723.685,678.896,44.789,249.629,138.548,0.0,46.823,99.909,9.909,534.841,273.02,0.0,181.737,65.553,,155.498,-17.479,-74.464,234.12,96.101,-105.857,52.196,251.016,61.455,7.0,Annual,Focal Communications Corp.,1999-12-15,B,New Rating,N,2001-07-30,Services,2001-10-31,304,1
39637,122337,2000-12-31,2000,12,1214.835,1006.61,188.359,352.941,123.144,0.666,37.21,76.216,0.0,847.082,202.577,0.0,313.244,101.611,,,5.15,-37.781,106.861,101.711,-87.383,39.898,311.168,31.419,17.0,Annual,Netia S.A.,1997-10-15,B+,New Rating,N,2001-10-09,Services,2001-12-18,352,1
39666,122514,2009-12-31,2009,12,1538.3,1852.6,-460.2,1060.0,934.8,298.5,79.4,300.8,107.7,855.9,1015.9,11.1,188.7,111.6,0.0,2015.8,682.2,18.3,4062.4,1364.4,-558.2,29.3,72.4,194.4,0.67,Annual,Blockbuster Inc.,2009-09-16,B-,Upgrade,N,2010-02-17,Utilities,2010-07-13,194,1
39793,123500,2001-12-31,2001,12,3201.599,2482.254,719.345,167.061,139.901,32.969,90.776,54.585,0.0,2315.332,495.0,0.0,31.547,229.074,,86.297,96.506,-89.718,472.972,290.169,-654.769,-12.133,475.751,153.425,3.59,Annual,SpectraSite Inc.,2000-03-09,B,New Rating,N,2002-05-17,Services,2002-11-15,319,1
39819,123694,1998-12-31,1998,12,,,,,,,,,,,,,,,,,,,,,,,,,,Annual,Purina Mills Inc.,1998-02-26,BB-,,N,1999-03-08,Manufacturing,1999-09-29,272,1
39956,124441,2001-12-31,2001,12,5992.026,7153.823,-1449.042,1484.954,884.563,0.0,421.676,363.67,72.488,5838.779,2487.683,17.568,1020.851,525.85,,311.791,-97.323,-564.441,1185.521,971.053,-3810.357,-283.965,1906.473,491.0,2.35,Annual,Williams Communications Group Inc.,2001-08-17,B,Downgrade,N,2002-01-15,Services,2002-04-02,92,1
40078,125294,2008-12-31,2008,12,296.158,594.163,-298.005,121.652,136.665,57.137,40.191,23.95,12.391,391.487,33.0,2.0,10.777,36.988,,142.798,60.544,40.24,526.137,322.795,-125.279,15.504,1.834,,,Annual,Affinity Group Holding Inc.,2008-09-08,CCC+,Downgrade,N,2009-04-07,Retail,2009-08-19,231,1
40139,125863,2008-12-31,2008,12,7782.113,7968.628,-187.907,3735.86,6850.932,375.813,1519.955,1347.359,3983.618,30.622,2240.959,40.365,1123.263,150.325,327.097,1763.537,-219.92,-460.719,6736.796,5193.179,-2694.719,-442.624,1210.953,262.94,1.35,Annual,Vantiva S.A.,2008-12-02,B,Downgrade,N,2009-01-29,Information Technology,2009-12-01,335,1
40174,126136,2005-12-31,2005,12,16431.0,21159.0,-4920.0,327.0,1191.0,0.0,214.0,114.0,0.0,19437.0,1501.0,3.0,21.0,1789.0,,1034.0,1913.0,414.0,5254.0,2307.0,-967.0,260.0,136.0,416.255,1.22,Annual,Charter Communications Inc.,2004-05-24,NR,Not Rated,N,2006-09-15,Services,2006-09-15,258,1
40236,126874,2000-06-30,2000,6,150.351,204.272,-68.744,45.36,36.127,25.605,17.189,6.89,18.116,168.145,1.437,1.477,1.253,22.354,1.2,47.816,15.255,4.243,158.418,95.347,-21.467,-0.311,4.635,3.144,,Annual,Doskocil Manufacturing Co. Inc.,1999-05-25,B-,Downgrade,N,2001-02-22,Manufacturing,2001-04-12,286,1
40259,126954,1998-12-31,1998,12,,,,,,,,,,,,,,,,,,,,,,,,,,Annual,Fitzgeralds Gaming Corp.,1997-12-15,B-,Upgrade,N,1999-04-01,Services,1999-06-28,179,1
40321,128258,2007-12-31,2007,12,505.689,673.481,-167.792,42.117,59.236,1.089,6.397,4.259,0.202,614.245,53.787,2.15,32.617,62.825,0.0,85.484,68.731,35.897,358.098,203.883,-26.051,29.098,8.331,,,Annual,Majestic Star Casino LLC (The),2007-10-25,B-,Downgrade,N,2008-04-24,Services,2008-10-15,289,1
40416,129078,2000-12-31,2000,12,1374.75,1216.165,158.585,458.873,220.305,0.0,146.522,113.516,52.98,915.263,321.453,1.393,308.629,112.894,,127.393,16.636,-61.885,322.143,178.114,-152.748,-0.087,485.965,91.429,4.375,Annual,Impsat Fiber Networks Inc.,1999-12-20,B+,Downgrade,N,2001-03-26,Services,2001-12-19,353,1
40420,129418,2002-12-31,2002,12,1172.152,1037.514,134.638,183.632,128.962,7.41,59.221,27.203,1.064,870.217,12.838,0.0,96.462,103.128,,134.327,26.919,-78.202,555.692,394.446,-403.349,-26.536,71.268,94.172,0.52,Annual,Alamosa Holdings Inc.,2002-12-19,CCC+,Downgrade,N,2003-09-16,Services,2003-11-12,316,1
40682,135990,2001-12-31,2001,12,12894.545,10589.615,2237.129,1187.357,1950.604,331.323,346.891,330.471,1332.31,7843.832,3268.017,0.0,347.949,443.734,,,717.283,504.79,2798.608,2081.325,265.204,276.014,4153.546,198.544,15.5,Annual,NRG Energy Inc.,1996-01-17,BBB-,New Rating,N,2002-06-24,Utilities,2002-09-16,259,1
40772,137064,2000-12-31,2000,12,6537.6,5485.5,892.6,,,0.0,681.4,123.1,0.0,4505.6,45609.0,,343.3,42.8,,706.0,1162.5,67.9,3532.0,1663.5,-2.0,3.1,-3.3,45.159,3.5,Annual,ANC Rental Corp.,2000-05-05,BB-,New Rating,N,2001-09-26,Transportation,2001-11-13,317,1
40958,138925,2001-12-31,2001,12,1056.709,572.006,484.673,97.575,114.449,0.0,47.032,22.338,0.0,370.0,410.0,0.318,41.384,45.102,,105.997,59.252,18.464,252.32,87.071,-21.396,0.469,49.772,68.1,5.33,Annual,Key3Media Group Inc.,2000-08-14,BB-,New Rating,N,2002-05-09,Manufacturing,2002-12-17,351,1
41166,141462,2010-12-31,2010,12,1781.785,1449.739,332.046,168.538,1442.593,27.643,35.53,26.539,1376.043,0.0,391.096,22.56,16.858,82.338,,36.642,80.916,-5.171,387.161,269.603,-216.662,-5.923,518.141,89.593,3.25,Annual,General Maritime Corp.,2010-12-09,CCC+,Downgrade,N,2011-10-04,Utilities,2011-11-16,320,1
41666,145186,2007-12-31,2007,12,2891.231,2441.52,420.034,,,1848.309,377.465,73.585,460.85,1462.75,568.456,0.0,209.181,154.225,,186.986,-492.82,-514.831,936.376,1242.21,-578.531,197.886,-81.996,42.124,3.78,Annual,WCI Communities Inc.,2007-11-19,CCC,Downgrade,N,2008-05-21,Construction,2008-08-04,217,1
42089,146132,2001-10-31,2001,10,603.115,668.916,-65.801,206.004,172.977,107.404,73.006,52.037,62.611,433.37,,0.0,6.263,59.992,,31.328,40.819,10.414,737.482,665.335,-46.779,37.264,-19.758,0.001,,Annual,Doe Run Resources Corp. (The),2001-10-08,CCC,Downgrade,N,2002-02-01,Manufacturing,2002-03-18,138,1
42101,146135,2000-06-30,2000,6,263.747,248.687,15.035,137.022,89.944,49.068,74.112,35.081,37.483,156.851,106.789,0.0,3.295,17.671,5.816,45.146,15.094,-2.914,265.399,205.159,-13.333,-36.17,44.526,0.06,,Annual,"W.R. Carpenter North America, Inc.",2000-04-19,CCC+,Downgrade,N,2000-11-21,Manufacturing,2001-06-14,349,1
42188,146199,2001-12-31,2001,12,923.792,1621.487,-697.695,37.159,1621.487,0.0,22.857,0.0,1541.066,0.0,0.0,0.0,6.595,176.779,,113.094,3.048,-85.52,259.667,143.525,-301.146,-165.949,257.02,59.139,,Annual,Diamond Cable Communications PLC,2001-12-12,B-,Downgrade,N,2002-03-28,Services,2002-04-03,93,1
42418,147571,2007-12-31,2007,12,1080.385,1199.114,-118.729,124.032,59.009,4.995,7.621,18.429,7.634,1138.436,853.0,10.3,94.282,86.504,,22.983,102.435,46.03,784.94,659.522,-127.2,4.273,598.495,,,Annual,Affinity Interactive,2007-11-15,B,Downgrade,N,2008-02-29,Services,2008-05-19,140,1
42514,148049,2001-12-31,2001,12,10329.0,7742.0,2509.0,2638.0,2511.0,125.0,1125.0,957.0,687.0,3492.0,2086.0,0.0,866.0,257.0,,,366.0,199.0,12590.0,12224.0,171.0,405.0,1140.0,0.001,,Annual,National Energy & Gas Transmission Inc.,2001-01-18,BBB,New Rating,N,2002-07-31,Utilities,2002-11-14,318,1
42566,148217,2008-12-31,2008,12,3334.493,3310.701,23.786,350.917,368.022,38.694,173.589,147.778,47.231,2432.775,1930.0,69.01,78.469,162.04,,240.288,514.245,259.213,1274.619,520.086,-68.525,57.505,296.152,88.996,3.28,Annual,FairPoint Communications Inc.,2008-02-27,BB,Upgrade,N,2009-03-23,Services,2009-10-01,274,1
43118,149049,2008-08-31,2008,8,6489.138,5230.097,635.498,1013.904,945.6,10.71,560.354,218.572,16.738,3469.183,308.978,0.0,74.988,333.201,,853.014,577.776,455.408,3145.985,1715.195,-1035.772,91.979,-18.933,,,Annual,Canwest Media Inc.,2007-06-25,B,Downgrade,N,2009-01-15,Services,2009-03-16,197,1
43140,149089,2008-12-31,2008,12,2432.97,2731.918,-298.948,205.189,99.048,0.0,170.801,13.672,0.497,2206.422,136.0,0.0,18.634,211.818,,259.566,249.207,203.943,863.121,354.348,-969.819,130.852,-302.701,269.723,0.16,Annual,Citadel Broadcasting Corp.,2007-05-11,B+,New Rating,N,2009-03-10,Services,2009-12-21,355,1
43305,150258,2017-12-31,2017,12,2768.878,1330.954,1437.924,248.441,48.862,0.0,44.702,16.196,0.0,1080.826,66.64,0.0,186.849,61.564,,43.797,15.61,-83.123,191.412,132.005,27.421,-14.658,6.226,37.144,3.11,Annual,Hornbeck Offshore Services Inc.,2017-08-18,CCC-,Upgrade,N,2019-01-09,Utilities,2019-02-07,403,1
43405,151632,2014-12-31,2014,12,818.68,526.128,292.424,27.12,57.77,0.0,20.025,57.389,0.164,432.274,389.599,0.01,1.845,14.621,,19.659,80.304,23.815,150.723,50.76,24.03,84.005,321.383,80.754,1.61,Annual,"Warren Resources, Inc.",2014-07-24,B,New Rating,N,2015-01-16,Utilities,2015-05-27,147,1
43647,155313,2011-12-31,2011,12,5048.932,2963.905,1763.538,350.559,634.613,0.0,166.586,70.979,352.052,1844.279,1062.0,229.884,84.186,173.229,,,647.991,487.085,1328.866,680.875,-2832.649,368.171,-1003.287,520.402,0.185,Annual,Yellow Pages Ltd.,2011-12-05,BB-,Downgrade,N,2012-02-15,Services,2012-12-20,355,1
43988,156862,2008-08-31,2008,8,455.114,312.127,142.987,107.825,47.295,27.411,38.697,10.961,2.908,222.577,14.1,0.0,9.735,20.318,,118.363,65.228,39.999,313.403,129.812,14.212,46.07,-24.418,,,Annual,American Achievement Corp.,2006-06-05,B,Downgrade,N,2009-02-27,Manufacturing,2009-08-07,341,1
44007,157020,1999-12-31,1999,12,,,,,,,,,,,,,,,,,,,,,,,,,,Annual,Wheeling-Pittsburgh Corp.,1999-07-30,B+,Downgrade,N,2000-09-18,Manufacturing,2000-11-16,321,1
44127,157373,2010-12-31,2010,12,39139.0,44198.0,-5146.0,6238.0,6252.0,395.0,2912.0,879.0,1870.0,28926.0,353.0,0.0,80.0,2837.0,,,2199.0,819.0,8235.0,6036.0,-3383.0,1279.0,-1.0,,,Annual,Vistra Corp.,2010-12-21,CCC+,Downgrade,N,2011-04-04,Utilities,2011-04-20,110,1
44762,162448,2014-12-31,2014,12,10736.148,7749.348,2986.8,1876.314,1009.549,237.945,375.601,216.098,178.251,3719.519,500.0,0.0,1146.355,288.466,,152.106,253.342,-584.338,4287.078,3881.63,-874.961,-283.859,407.052,221.634,1.67,Annual,Alpha Natural Resources Inc.,2013-12-09,B,Downgrade,N,2015-06-02,Utilities,2015-08-03,215,1
44933,163429,2010-12-31,2010,12,9949.0,7230.0,2719.0,2180.0,1562.0,121.0,230.0,134.0,148.0,4626.0,0.0,0.0,424.0,378.0,,,534.0,142.0,2323.0,1789.0,-242.0,423.0,-69.0,0.0,,Annual,Dynegy Holdings LLC,2010-04-12,B-,Downgrade,N,2011-03-01,Utilities,2011-11-08,312,1
45016,163772,2007-12-31,2007,12,3815.645,2183.197,1632.448,1452.632,860.114,583.869,379.962,546.092,101.797,1299.536,854.12,0.0,415.742,97.703,436.785,676.102,276.849,-240.432,2500.813,1547.862,-263.496,216.339,250.377,135.372,3.93,Annual,Spansion Inc.,2005-12-06,B,New Rating,N,2008-10-23,Information Technology,2009-01-15,381,1
45601,170639,2018-12-31,2018,12,2388.173,1791.458,596.715,171.184,284.981,56.524,85.253,117.475,60.338,1384.249,61.0,18.142,0.269,146.136,,39.568,292.676,105.933,1104.991,772.747,-61.613,133.367,-97.215,145.799,3.5,Annual,Foresight Energy L.P.,2016-09-21,B-,Upgrade,N,2019-06-20,Utilities,2019-10-31,304,1
45749,174169,2014-12-31,2014,12,6434.475,4545.14,1772.169,702.705,744.682,4.693,632.08,182.992,0.0,3746.736,2276.0,33.014,59.844,486.632,,112.48,481.073,-53.348,1148.261,554.708,315.956,667.934,644.038,427.808,1.78,Annual,Halcon Resources Corp.,2012-12-07,B,Upgrade,N,2015-04-10,Utilities,2015-08-28,240,1
45983,175739,2008-12-31,2008,12,1815.0,10306.0,-8491.0,1300.0,9933.0,0.0,366.0,34.0,9267.0,0.0,247.0,50.0,510.0,647.0,,1093.0,1272.0,1194.0,2973.0,608.0,183.0,363.0,149.0,148.262,0.085,Annual,SuperMedia Inc.,2008-10-31,B-,Downgrade,N,2009-02-03,Manufacturing,2009-03-31,90,1
46197,176899,2014-12-31,2014,12,7259.225,4049.405,1937.819,831.918,784.451,0.0,330.077,514.925,0.0,3195.436,0.0,50.025,181.253,264.429,,112.846,769.265,266.242,1558.758,676.647,253.285,621.114,-397.283,484.819,1.82,Annual,SandRidge Energy Inc.,2011-09-30,B,Downgrade,N,2015-05-14,Utilities,2015-10-08,281,1
46676,179846,2020-12-31,2020,12,3282.822,2028.619,1237.83,1174.348,374.912,684.845,240.083,149.768,101.792,1572.102,113.154,30.0,218.041,148.81,,170.108,401.84,209.737,1911.137,1339.189,-136.506,70.685,-51.687,107.038,,Annual,MHP SE,2017-06-26,B,Upgrade,N,2022-03-08,Manufacturing,2022-03-24,448,1
46696,180145,2015-12-31,2015,12,412.427,330.404,67.379,111.799,46.434,0.0,27.702,9.003,25.243,283.071,15.0,0.776,74.611,27.962,,31.591,20.097,-34.937,244.107,192.419,-46.074,36.582,8.533,22.21,0.29,Annual,Forbes Energy Services Ltd.,2015-11-04,CCC+,Downgrade,N,2016-06-01,Utilities,2016-07-19,201,1
46902,182788,2016-12-31,2016,12,16458.97,16483.41,-24.44,,,0.0,14545.093,325.527,2170.873,13582.405,994.464,0.0,429.061,255.781,,,-129.184,-188.61,995.717,1124.901,-833.858,451.95,-1129.989,36.391,4.75,Annual,Ditech Holding Corp.,2016-07-19,B,Downgrade,N,2017-03-17,Financials,2017-12-07,341,1
47022,184040,2015-12-31,2015,12,4094.103,2647.966,1446.137,3146.291,628.018,26.113,54.709,0.856,0.0,2014.779,0.0,0.0,1210.537,169.195,,156.618,-414.412,-442.811,0.0,257.794,-694.426,-251.942,-4.068,408.74,5.4,Annual,"Cobalt International Energy, Inc.",2014-07-11,CCC+,New Rating,N,2016-09-14,Utilities,2016-12-09,344,1
47268,185645,2016-12-31,2016,12,2068.639,2163.686,-95.047,799.129,307.666,583.212,129.178,179.933,12.562,1527.891,234.5,55.7,34.464,60.499,6.0,570.145,350.012,289.974,2540.016,1619.859,-286.25,208.198,-207.536,68.399,11.04,Annual,GNC Holdings Inc.,2016-08-01,BB,Downgrade,N,2017-03-17,Retail,2017-12-27,361,1
47437,187698,2015-12-31,2015,12,1273.367,1063.96,209.407,120.074,135.973,8.543,56.546,28.698,0.0,885.392,137.0,0.0,21.341,57.052,,84.991,-627.825,-906.289,292.679,835.513,-745.547,95.027,245.307,49.754,5.27,Annual,Civitas Resources Inc.,2013-04-03,B,New Rating,N,2016-02-09,Utilities,2016-10-17,291,1
47574,194755,2015-12-31,2015,12,2906.003,2260.511,644.644,340.186,93.408,0.0,60.239,37.635,0.0,2000.579,562.0,163.259,0.599,116.832,,57.06,-544.663,-747.602,358.147,845.75,-395.877,216.751,120.447,82.906,2.64,Annual,Memorial Production Partners LP,2015-11-16,B,Downgrade,N,2016-02-09,Utilities,2016-12-07,342,1
47737,203944,2015-12-31,2015,12,25088.93,20884.541,3903.693,9651.778,6467.06,0.0,2384.909,1271.89,2982.749,12135.433,1823.211,0.0,4217.862,1026.924,5.051,2904.255,1834.172,311.904,7320.441,2582.014,-2313.374,-266.126,-595.228,675.667,0.4635,Annual,Oi S.A.,2014-07-18,BB+,Downgrade,N,2016-02-15,Services,2016-06-21,173,1
47965,212538,2002-03-31,2001,3,9654.375,8760.9,698.25,2203.05,1389.375,732.45,,406.125,218.025,1303.875,12.825,71.25,297.825,116.85,,,433.2,,2919.825,2486.625,-750.975,471.675,-47.025,155.091,10.78,Annual,EDF Energy Nuclear Generation Group Ltd.,2002-01-23,BBB,Downgrade,N,2002-09-06,Utilities,2003-02-18,324,1
48060,220489,1998-12-31,1998,12,4058.584,2758.613,1297.345,887.689,2613.274,462.479,256.237,233.31,2119.788,0.0,48.682,0.0,36.663,308.757,,94.132,309.565,192.203,1466.924,1063.227,-211.494,-148.369,254.015,76.0,3.4375,Annual,"Altos Hornos de Mexico, S.A.B. de C.V.",1998-09-08,BB-,Downgrade,N,1999-04-26,Manufacturing,1999-04-26,116,1
48201,221636,2014-12-31,2014,12,30550.905,27348.772,1748.921,16579.805,16749.409,291.215,3852.286,6166.958,2875.03,9568.99,6097.536,47.263,2199.957,883.391,10.545,1182.216,1703.847,1129.214,8880.735,5994.672,151.616,-291.958,1924.807,167.954,10.875,Annual,Abengoa S.A.,2013-04-02,B,Downgrade,N,2015-06-30,Manufacturing,2015-12-16,350,1
48505,260324,2012-12-31,2012,12,385.515,218.482,167.033,72.016,37.015,1.351,56.861,31.36,0.423,176.491,0.119,0.0,11.302,23.214,0.0,53.968,39.979,-4.497,169.804,75.857,-10.498,59.584,-34.048,112.831,2.05,Annual,Maxcom Telecomunicaciones S.A.B. de C.V.,2011-08-23,CCC+,Downgrade,N,2013-02-21,Services,2013-06-19,170,1
48656,266163,2008-12-31,2008,12,402.052,351.502,-177.075,40.895,46.163,0.0,14.478,21.663,2.014,289.607,28.1,100.597,15.492,35.022,,18.586,-41.182,-98.786,146.6,169.196,-141.12,23.501,-0.04,96.095,0.18,Annual,Dune Energy Inc.,2007-04-30,B-,New Rating,N,2009-01-26,Utilities,2009-12-02,336,1
48858,298636,2019-12-31,2019,12,7273.91,7268.743,207.333,1711.276,2732.15,88.334,435.789,306.127,872.044,3984.279,616.555,15.385,397.913,311.343,,804.747,638.239,44.843,4614.975,3171.989,-913.712,448.335,-365.103,124.623,4.46,Annual,Avianca Holdings S.A.,2019-12-20,B-,Upgrade,N,2020-03-20,Transportation,2020-05-11,132,1
